<?xml version="1.0"?>
<doc>
    <assembly>
        <name>DevExpress.Xpf.Layout.v11.1.Core</name>
    </assembly>
    <members>
        <member name="T:DevExpress.Xpf.Layout.Core.DockType">

            <summary>
                <para>Contains values that specify how a panel can be docked to another panel.

</para>
            </summary>

        </member>
        <member name="F:DevExpress.Xpf.Layout.Core.DockType.Bottom">
            <summary>
                <para>A panel is docked at the bottom of another panel.
</para>
            </summary>


        </member>
        <member name="F:DevExpress.Xpf.Layout.Core.DockType.Fill">
            <summary>
                <para>A panel is docked to another panel, forming a tabbed group.
</para>
            </summary>


        </member>
        <member name="F:DevExpress.Xpf.Layout.Core.DockType.Left">
            <summary>
                <para>A panel is docked at the left side of another panel.

</para>
            </summary>


        </member>
        <member name="F:DevExpress.Xpf.Layout.Core.DockType.None">
            <summary>
                <para>A panel will not be docked.
</para>
            </summary>


        </member>
        <member name="F:DevExpress.Xpf.Layout.Core.DockType.Right">
            <summary>
                <para>A panel is docked at the right side of another panel.

</para>
            </summary>


        </member>
        <member name="F:DevExpress.Xpf.Layout.Core.DockType.Top">
            <summary>
                <para>A panel is docked at the top of another panel.
</para>
            </summary>


        </member>
        <member name="T:DevExpress.Xpf.Layout.Core.TabHeaderLayoutType">

            <summary>
                <para>Contains values that specify how tabs within a tabbed group are arranged.
</para>
            </summary>

        </member>
        <member name="F:DevExpress.Xpf.Layout.Core.TabHeaderLayoutType.Default">
            <summary>
                <para>The same as the <see cref="F:DevExpress.Xpf.Layout.Core.TabHeaderLayoutType.Scroll"/> option.
</para>
            </summary>


        </member>
        <member name="F:DevExpress.Xpf.Layout.Core.TabHeaderLayoutType.MultiLine">
            <summary>
                <para>Tab headers are displayed in multiple rows.
</para>
            </summary>


        </member>
        <member name="F:DevExpress.Xpf.Layout.Core.TabHeaderLayoutType.Scroll">
            <summary>
                <para>Tab headers are displayed in a single row. Scroll buttons are enabled to scroll through the tabs, if necessary.
</para>
            </summary>


        </member>
        <member name="F:DevExpress.Xpf.Layout.Core.TabHeaderLayoutType.Trim">
            <summary>
                <para>Tab headers are displayed in a single row. Tab header text is trimmed, if required, to fit all the tabs in the row.
</para>
            </summary>


        </member>
    </members>
</doc>
