<?xml version="1.0"?>
<doc>
    <assembly>
        <name>DevExpress.Web.ASPxTreeList.v11.1.Export</name>
    </assembly>
    <members>
        <member name="T:DevExpress.Web.ASPxTreeList.Export.PageMargins">

            <summary>
                <para>Provides the margins for a report page.
</para>
            </summary>

        </member>
        <member name="M:DevExpress.Web.ASPxTreeList.Export.PageMargins.#ctor">
            <summary>
                <para>Initializes a new instance of the PageMargins class.
</para>
            </summary>


        </member>
        <member name="P:DevExpress.Web.ASPxTreeList.Export.PageMargins.Bottom">
            <summary>
                <para>Gets or sets the bottom margin, in hundredths of an inch.
</para>
            </summary>
            <value>An integer value that specifies the bottom margin.
</value>


        </member>
        <member name="P:DevExpress.Web.ASPxTreeList.Export.PageMargins.Left">
            <summary>
                <para>Gets or sets the left margin, in hundredths of an inch.
</para>
            </summary>
            <value>An integer value that specifies the left margin.
</value>


        </member>
        <member name="P:DevExpress.Web.ASPxTreeList.Export.PageMargins.Right">
            <summary>
                <para>Gets or sets the right margin, in hundredths of an inch.
</para>
            </summary>
            <value>An integer value that specifies the right margin.
</value>


        </member>
        <member name="P:DevExpress.Web.ASPxTreeList.Export.PageMargins.Top">
            <summary>
                <para>Gets or sets the top margin, in hundredths of an inch.
</para>
            </summary>
            <value>An integer value that specifies the top margin.
</value>


        </member>
        <member name="T:DevExpress.Web.ASPxTreeList.Export.PageSettings">

            <summary>
                <para>Provides settings for a printed (exported) document.
</para>
            </summary>

        </member>
        <member name="M:DevExpress.Web.ASPxTreeList.Export.PageSettings.#ctor">
            <summary>
                <para>Initializes a new instance of the PageSettings class.
</para>
            </summary>


        </member>
        <member name="P:DevExpress.Web.ASPxTreeList.Export.PageSettings.Landscape">
            <summary>
                <para>Gets or sets whether data is exported to PDF in Landscape.
</para>
            </summary>
            <value><b>true</b> to export data in Landscape; <b>false</b> to export data in Portrait.
</value>


        </member>
        <member name="P:DevExpress.Web.ASPxTreeList.Export.PageSettings.Margins">
            <summary>
                <para>Gets the margins of a print page.
</para>
            </summary>
            <value>A <see cref="T:DevExpress.Web.ASPxTreeList.Export.PageMargins"/> object that represents the margins for a report page.
</value>


        </member>
        <member name="P:DevExpress.Web.ASPxTreeList.Export.PageSettings.PaperKind">
            <summary>
                <para>Gets or sets the type of paper for the exported report.
</para>
            </summary>
            <value>A <see cref="T:System.Drawing.Printing.PaperKind"/> enumeration value.
</value>


        </member>
        <member name="P:DevExpress.Web.ASPxTreeList.Export.PageSettings.PaperName">
            <summary>
                <para>Gets or sets the name of the custom paper which is used for export purposes.

</para>
            </summary>
            <value>A <see cref="T:System.String"/> value specifying the name of the paper.
</value>


        </member>
        <member name="T:DevExpress.Web.ASPxTreeList.Export.TreeListExportStyles">

            <summary>
                <para>Provides the style settings used to paint the visual elements displayed within the ASPxTreeList when it is exported. 

</para>
            </summary>

        </member>
        <member name="M:DevExpress.Web.ASPxTreeList.Export.TreeListExportStyles.#ctor(DevExpress.Web.ASPxClasses.IPropertiesOwner)">
            <summary>
                <para>Initializes a new instance of the TreeListExportStyles class.
</para>
            </summary>
            <param name="owner">
		An object that owns the created object.

            </param>


        </member>
        <member name="P:DevExpress.Web.ASPxTreeList.Export.TreeListExportStyles.Cell">
            <summary>
                <para>Gets the appearance settings used to paint data cells when the ASPxTreeList is exported.
</para>
            </summary>
            <value>A <see cref="T:DevExpress.Web.ASPxTreeList.Export.TreeListExportAppearance"/> object that contains appearance settings.
</value>


        </member>
        <member name="M:DevExpress.Web.ASPxTreeList.Export.TreeListExportStyles.CopyFrom(DevExpress.Web.ASPxTreeList.Export.TreeListExportStyles)">
            <summary>
                <para>Duplicates the properties of the specified object into the current instance of the TreeListExportStyles class. 

</para>
            </summary>
            <param name="styles">
		A TreeListExportStyles object that represents the object which the settings will be copied from.

            </param>


        </member>
        <member name="P:DevExpress.Web.ASPxTreeList.Export.TreeListExportStyles.Default">
            <summary>
                <para>Gets the default appearance settings.
</para>
            </summary>
            <value>A <see cref="T:DevExpress.Web.ASPxTreeList.Export.TreeListExportAppearance"/> object that contains default appearance settings.
</value>


        </member>
        <member name="P:DevExpress.Web.ASPxTreeList.Export.TreeListExportStyles.Footer">
            <summary>
                <para>Gets the appearance settings used to paint the Footer.
</para>
            </summary>
            <value>A <see cref="T:DevExpress.Web.ASPxTreeList.Export.TreeListExportAppearance"/> object that contains appearance settings.
</value>


        </member>
        <member name="P:DevExpress.Web.ASPxTreeList.Export.TreeListExportStyles.GroupFooter">
            <summary>
                <para>Gets the appearance settings used to paint group footers.
</para>
            </summary>
            <value>A <see cref="T:DevExpress.Web.ASPxTreeList.Export.TreeListExportAppearance"/> object that contains appearance settings.
</value>


        </member>
        <member name="P:DevExpress.Web.ASPxTreeList.Export.TreeListExportStyles.Header">
            <summary>
                <para>Gets the appearance settings used to paint column headers.
</para>
            </summary>
            <value>A <see cref="T:DevExpress.Web.ASPxTreeList.Export.TreeListExportAppearance"/> object that contains appearance settings.
</value>


        </member>
        <member name="P:DevExpress.Web.ASPxTreeList.Export.TreeListExportStyles.HyperLink">
            <summary>
                <para>Gets the appearance settings used to paint hyper links.
</para>
            </summary>
            <value>A <see cref="T:DevExpress.Web.ASPxTreeList.Export.TreeListExportAppearance"/> object that contains appearance settings.
</value>


        </member>
        <member name="P:DevExpress.Web.ASPxTreeList.Export.TreeListExportStyles.Indent">
            <summary>
                <para>Gets the appearance settings used to paint indents.
</para>
            </summary>
            <value>A <see cref="T:DevExpress.Web.ASPxTreeList.Export.TreeListExportAppearance"/> object that contains appearance settings.
</value>


        </member>
        <member name="M:DevExpress.Web.ASPxTreeList.Export.TreeListExportStyles.MergeWithDefault">
            <summary>
                <para>Combines the properties of the current TreeListExportStyles instance with the default appearance settings specified by the <see cref="P:DevExpress.Web.ASPxTreeList.Export.TreeListExportStyles.Default"/> property.
</para>
            </summary>


        </member>
        <member name="P:DevExpress.Web.ASPxTreeList.Export.TreeListExportStyles.Preview">
            <summary>
                <para>Gets the appearance settings used to paint previews.
</para>
            </summary>
            <value>A <see cref="T:DevExpress.Web.ASPxTreeList.Export.TreeListExportAppearance"/> object that contains appearance settings.
</value>


        </member>
        <member name="T:DevExpress.Web.ASPxTreeList.Export.TreeListExportAppearance">

            <summary>
                <para>Contains appearance settings used to paint the ASPxTreeList's elements (cells, column headers, footer, etc.) when it is exported.
</para>
            </summary>

        </member>
        <member name="M:DevExpress.Web.ASPxTreeList.Export.TreeListExportAppearance.#ctor">
            <summary>
                <para>Initializes a new instance of the TreeListExportAppearance class.
</para>
            </summary>


        </member>
        <member name="P:DevExpress.Web.ASPxTreeList.Export.TreeListExportAppearance.BackgroundImage">
            <summary>
                <para>This property is not in effect.
</para>
            </summary>
            <value>@nbsp;
</value>


        </member>
        <member name="P:DevExpress.Web.ASPxTreeList.Export.TreeListExportAppearance.Border">
            <summary>
                <para>This property is not in effect.
</para>
            </summary>
            <value>@nbsp;
</value>


        </member>
        <member name="P:DevExpress.Web.ASPxTreeList.Export.TreeListExportAppearance.BorderBottom">
            <summary>
                <para>This property is not in effect.
</para>
            </summary>
            <value>@nbsp;
</value>


        </member>
        <member name="P:DevExpress.Web.ASPxTreeList.Export.TreeListExportAppearance.BorderColor">
            <summary>
                <para>Gets or sets the border color.
</para>
            </summary>
            <value>The border color.
</value>


        </member>
        <member name="P:DevExpress.Web.ASPxTreeList.Export.TreeListExportAppearance.BorderLeft">
            <summary>
                <para>This property is not in effect.
</para>
            </summary>
            <value>@nbsp;
</value>


        </member>
        <member name="P:DevExpress.Web.ASPxTreeList.Export.TreeListExportAppearance.BorderRight">
            <summary>
                <para>This property is not in effect.
</para>
            </summary>
            <value>@nbsp;
</value>


        </member>
        <member name="P:DevExpress.Web.ASPxTreeList.Export.TreeListExportAppearance.BorderSides">
            <summary>
                <para>Gets or sets a value that specifies which border sides are to be drawn. 

</para>
            </summary>
            <value>A <see cref="T:DevExpress.XtraPrinting.BorderSide"/> enumeration value that specifies which border sides are to be drawn. 
</value>


        </member>
        <member name="P:DevExpress.Web.ASPxTreeList.Export.TreeListExportAppearance.BorderTop">
            <summary>
                <para>This property is not in effect.
</para>
            </summary>
            <value>@nbsp;
</value>


        </member>
        <member name="P:DevExpress.Web.ASPxTreeList.Export.TreeListExportAppearance.BorderWidth">
            <summary>
                <para>Gets or sets the border width.
</para>
            </summary>
            <value>An integer value that specifies the border width, in pixels.
</value>


        </member>
        <member name="M:DevExpress.Web.ASPxTreeList.Export.TreeListExportAppearance.CopyFrom(System.Web.UI.WebControls.Style)">
            <summary>
                <para>Duplicates the properties of the specified object into the current instance. 
</para>
            </summary>
            <param name="style">
		A <see cref="T:System.Web.UI.WebControls.Style"/> object whose settings will be copied. 

            </param>


        </member>
        <member name="P:DevExpress.Web.ASPxTreeList.Export.TreeListExportAppearance.CssClass">
            <summary>
                <para>This property is not in effect.
</para>
            </summary>
            <value>@nbsp;
</value>


        </member>
        <member name="P:DevExpress.Web.ASPxTreeList.Export.TreeListExportAppearance.Cursor">
            <summary>
                <para>This property is not in effect.
</para>
            </summary>
            <value>@nbsp;
</value>


        </member>
        <member name="P:DevExpress.Web.ASPxTreeList.Export.TreeListExportAppearance.HoverStyle">
            <summary>
                <para>This property is not in effect.
</para>
            </summary>
            <value>@nbsp;
</value>


        </member>
        <member name="P:DevExpress.Web.ASPxTreeList.Export.TreeListExportAppearance.ImageSpacing">
            <summary>
                <para>This property is not in effect.
</para>
            </summary>
            <value>@nbsp;
</value>


        </member>
        <member name="M:DevExpress.Web.ASPxTreeList.Export.TreeListExportAppearance.MergeWith(System.Web.UI.WebControls.Style)">
            <summary>
                <para>Combines the properties of the specified object with the current TreeListExportAppearance instance.
</para>
            </summary>
            <param name="style">
		A <see cref="T:System.Web.UI.WebControls.Style"/> that represents the object to be combined.

            </param>


        </member>
        <member name="P:DevExpress.Web.ASPxTreeList.Export.TreeListExportAppearance.Spacing">
            <summary>
                <para>This property is not in effect.
</para>
            </summary>
            <value>@nbsp;
</value>


        </member>
        <member name="T:DevExpress.Web.ASPxTreeList.Export.ASPxTreeListRenderBrickEventHandler">

            <summary>
                <para>A method that will handle the <see cref="E:DevExpress.Web.ASPxTreeList.Export.ASPxTreeListExporter.RenderBrick"/> event.
</para>
            </summary>

        </member>
        <member name="M:DevExpress.Web.ASPxTreeList.Export.ASPxTreeListRenderBrickEventHandler.Invoke(System.Object,DevExpress.Web.ASPxTreeList.Export.ASPxTreeListExportRenderBrickEventArgs)">
            <summary>
                <para>A method that will handle the <see cref="E:DevExpress.Web.ASPxTreeList.Export.ASPxTreeListExporter.RenderBrick"/> event.
</para>
            </summary>
            <param name="sender">
		The event source.

            </param>
            <param name="e">
		An <see cref="T:DevExpress.Web.ASPxTreeList.Export.ASPxTreeListExportRenderBrickEventArgs"/> object that contains event data.

            </param>


        </member>
        <member name="T:DevExpress.Web.ASPxTreeList.Export.ASPxTreeListPrintSettings">

            <summary>
                <para>Provides print settings for a <see cref="T:DevExpress.Web.ASPxTreeList.ASPxTreeList"/> control.
</para>
            </summary>

        </member>
        <member name="M:DevExpress.Web.ASPxTreeList.Export.ASPxTreeListPrintSettings.#ctor">
            <summary>
                <para>Initializes a new instance of the ASPxTreeListPrintSettings class.
</para>
            </summary>


        </member>
        <member name="P:DevExpress.Web.ASPxTreeList.Export.ASPxTreeListPrintSettings.AutoWidth">
            <summary>
                <para>Gets or sets whether the ASPxTreeList fits the printed page horizontally.
</para>
            </summary>
            <value><b>true</b> to force the printed ASPxTreeList to fit the printed page horizontally; otherwise, <b>false</b>.
</value>


        </member>
        <member name="P:DevExpress.Web.ASPxTreeList.Export.ASPxTreeListPrintSettings.ExpandAllNodes">
            <summary>
                <para>Gets or sets whether the ASPxTreeList is exported with all nodes expanded.
</para>
            </summary>
            <value><b>true</b> to export the ASPxTreeList with all nodes expanded regardless of their expanded state; otherwise, <b>false</b>.
</value>


        </member>
        <member name="P:DevExpress.Web.ASPxTreeList.Export.ASPxTreeListPrintSettings.ExportAllPages">
            <summary>
                <para>Gets or sets whether all pages are exported.
</para>
            </summary>
            <value><b>true</b> to export all pages displayed within the ASPxTreeList; <b>false</b> to export only the current page.
</value>


        </member>
        <member name="P:DevExpress.Web.ASPxTreeList.Export.ASPxTreeListPrintSettings.PageSettings">
            <summary>
                <para>Gets the settings of a report page.
</para>
            </summary>
            <value>A <see cref="T:DevExpress.Web.ASPxTreeList.Export.PageSettings"/> object that contains the settings of a report page.
</value>


        </member>
        <member name="P:DevExpress.Web.ASPxTreeList.Export.ASPxTreeListPrintSettings.ShowTreeButtons">
            <summary>
                <para>Gets or sets whether tree buttons are displayed in a report.
</para>
            </summary>
            <value><b>true</b> to display tree buttons in a report; otherwise, <b>false</b>.
</value>


        </member>
        <member name="P:DevExpress.Web.ASPxTreeList.Export.ASPxTreeListPrintSettings.ShowTreeLines">
            <summary>
                <para>Gets or sets whether tree lines are displayed in a report. 
</para>
            </summary>
            <value><b>true</b> to display tree lines in a report; otherwise, <b>false</b>. 
</value>


        </member>
        <member name="T:DevExpress.Web.ASPxTreeList.Export.ASPxTreeListExportRenderBrickEventArgs">

            <summary>
                <para>Provides data for the <see cref="E:DevExpress.Web.ASPxTreeList.Export.ASPxTreeListExporter.RenderBrick"/> event.
</para>
            </summary>

        </member>
        <member name="P:DevExpress.Web.ASPxTreeList.Export.ASPxTreeListExportRenderBrickEventArgs.BrickStyle">
            <summary>
                <para>Gets the appearance settings used to paint report bricks.
</para>
            </summary>
            <value>A <see cref="T:DevExpress.XtraPrinting.BrickStyle"/> object that contains style settings.
</value>


        </member>
        <member name="P:DevExpress.Web.ASPxTreeList.Export.ASPxTreeListExportRenderBrickEventArgs.Column">
            <summary>
                <para>Gets a data column that corresponds to the processed tree list element.
</para>
            </summary>
            <value>A <see cref="T:DevExpress.Web.ASPxTreeList.TreeListDataColumn"/> object that represents the data column. <b>null</b> (<b>Nothing</b> in Visual Basic) if the processed element doesn't belong to a column (e.g. preview, footer).
</value>


        </member>
        <member name="P:DevExpress.Web.ASPxTreeList.Export.ASPxTreeListExportRenderBrickEventArgs.NodeKey">
            <summary>
                <para>Gets the processed node's key value.
</para>
            </summary>
            <value>A string value that identifies the node.
</value>


        </member>
        <member name="P:DevExpress.Web.ASPxTreeList.Export.ASPxTreeListExportRenderBrickEventArgs.RowKind">
            <summary>
                <para>Gets the processed row's type.
</para>
            </summary>
            <value>A <see cref="T:DevExpress.Web.ASPxTreeList.TreeListRowKind"/> enumeration value that identifies the processed row.
</value>


        </member>
        <member name="P:DevExpress.Web.ASPxTreeList.Export.ASPxTreeListExportRenderBrickEventArgs.Text">
            <summary>
                <para>Gets or sets the text displayed within the brick currently being rendered.
</para>
            </summary>
            <value>A string value that specifies the text displayed within the processed brick.
</value>


        </member>
        <member name="P:DevExpress.Web.ASPxTreeList.Export.ASPxTreeListExportRenderBrickEventArgs.TextValue">
            <summary>
                <para>Gets or sets the processed brick's value.
</para>
            </summary>
            <value>An object that represents the processed brick's value.
</value>


        </member>
        <member name="P:DevExpress.Web.ASPxTreeList.Export.ASPxTreeListExportRenderBrickEventArgs.TextValueFormatString">
            <summary>
                <para>Gets or sets the pattern used to format values.
</para>
            </summary>
            <value>The pattern used to format values.
</value>


        </member>
        <member name="P:DevExpress.Web.ASPxTreeList.Export.ASPxTreeListExportRenderBrickEventArgs.Url">
            <summary>
                <para>Gets or sets the rendered brick's URL.
</para>
            </summary>
            <value>A string value that specifies the rendered brick's URL.
</value>


        </member>
        <member name="T:DevExpress.Web.ASPxTreeList.Export.ASPxTreeListExporter">

            <summary>
                <para>Represents an ASPxTreeListExporter control used to export the <see cref="T:DevExpress.Web.ASPxTreeList.ASPxTreeList"/> control's data.
</para>
            </summary>

        </member>
        <member name="M:DevExpress.Web.ASPxTreeList.Export.ASPxTreeListExporter.#ctor">
            <summary>
                <para>Initializes a new instance of the ASPxTreeListExporter class.
</para>
            </summary>


        </member>
        <member name="P:DevExpress.Web.ASPxTreeList.Export.ASPxTreeListExporter.EnableViewState">
            <summary>
                <para>This member supports the internal infrastructure and cannot be used directly from your code.
</para>
            </summary>
            <value>@nbsp;
</value>


        </member>
        <member name="P:DevExpress.Web.ASPxTreeList.Export.ASPxTreeListExporter.FileName">
            <summary>
                <para>Gets or sets the file name to which the ASPxTreeList's data is exported.
</para>
            </summary>
            <value>A <see cref="T:System.String"/> value that specifies the target file name.
</value>


        </member>
        <member name="E:DevExpress.Web.ASPxTreeList.Export.ASPxTreeListExporter.RenderBrick">
            <summary>
                <para>Enables rendering of different content from the content exported by default. 

</para>
            </summary>


        </member>
        <member name="P:DevExpress.Web.ASPxTreeList.Export.ASPxTreeListExporter.Settings">
            <summary>
                <para>Provides access to the print options.
</para>
            </summary>
            <value>An <A HREF="clsDevExpressWebASPxTreeListExportASPxTreeListPrintSettingstopic.htm">ASPxTreeListPrintSettings</A> object that contains the ASPxTreeList's print options.
</value>


        </member>
        <member name="P:DevExpress.Web.ASPxTreeList.Export.ASPxTreeListExporter.Styles">
            <summary>
                <para>Provides access to the properties that specify the appearance of tree list elements when the ASPxTreeList is exported.
</para>
            </summary>
            <value>A <see cref="T:DevExpress.Web.ASPxTreeList.Export.TreeListExportStyles"/> object that provides style settings used to paint tree list elements when it is exported.
</value>


        </member>
        <member name="P:DevExpress.Web.ASPxTreeList.Export.ASPxTreeListExporter.TreeList">
            <summary>
                <para>Gets the ASPxTreeList control to which the ASPxTreeListExporter is assigned. 

</para>
            </summary>
            <value>The <see cref="T:DevExpress.Web.ASPxTreeList.ASPxTreeList"/> control.
</value>


        </member>
        <member name="P:DevExpress.Web.ASPxTreeList.Export.ASPxTreeListExporter.TreeListID">
            <summary>
                <para>Gets or sets the programmatic identifier of the associated ASPxTreeList control. 

</para>
            </summary>
            <value>The programmatic identifier assigned to the ASPxTreeList control. 
</value>


        </member>
        <member name="P:DevExpress.Web.ASPxTreeList.Export.ASPxTreeListExporter.Visible">
            <summary>
                <para>This property is not in effect.
</para>
            </summary>
            <value>@nbsp;
</value>


        </member>
        <member name="M:DevExpress.Web.ASPxTreeList.Export.ASPxTreeListExporter.WritePdf(System.IO.Stream,DevExpress.XtraPrinting.PdfExportOptions)">
            <summary>
                <para>Exports data to a stream in PDF format with the specified export options. 

</para>
            </summary>
            <param name="stream">
		A <see cref="T:System.IO.Stream"/> object to which the data is exported.

            </param>
            <param name="exportOptions">
		A <see cref="T:DevExpress.XtraPrinting.PdfExportOptions"/> object that provides export options.

            </param>


        </member>
        <member name="M:DevExpress.Web.ASPxTreeList.Export.ASPxTreeListExporter.WritePdf(System.IO.Stream)">
            <summary>
                <para>Exports data to a stream in PDF format. 
</para>
            </summary>
            <param name="stream">
		A <see cref="T:System.IO.Stream"/> object to which the data is exported.

            </param>


        </member>
        <member name="M:DevExpress.Web.ASPxTreeList.Export.ASPxTreeListExporter.WritePdfToResponse(System.String,System.Boolean)">
            <summary>
                <para>Exports data to the specified file in PDF format and writes it to the Response in the binary format. 

</para>
            </summary>
            <param name="fileName">
		A <see cref="T:System.String"/> value that specifies the target file name.

            </param>
            <param name="saveAsFile">
		<b>true</b> to display the <b>File Download</b> dialog; <b>false</b> to display the PDF file with exported data within a page.

            </param>


        </member>
        <member name="M:DevExpress.Web.ASPxTreeList.Export.ASPxTreeListExporter.WritePdfToResponse(DevExpress.XtraPrinting.PdfExportOptions)">
            <summary>
                <para>Exports data to a file in PDF format with the specified export options, and writes it to the Response in the binary format. 

</para>
            </summary>
            <param name="exportOptions">
		A <see cref="T:DevExpress.XtraPrinting.PdfExportOptions"/> object that provides export options.

            </param>


        </member>
        <member name="M:DevExpress.Web.ASPxTreeList.Export.ASPxTreeListExporter.WritePdfToResponse(System.String,DevExpress.XtraPrinting.PdfExportOptions)">
            <summary>
                <para>Exports data to the specified file in PDF format with the specified name and export options, and writes it to the Response in the binary format. 

</para>
            </summary>
            <param name="fileName">
		A <see cref="T:System.String"/> value that specifies the target file name.

            </param>
            <param name="exportOptions">
		A <see cref="T:DevExpress.XtraPrinting.PdfExportOptions"/> object that provides export options.

            </param>


        </member>
        <member name="M:DevExpress.Web.ASPxTreeList.Export.ASPxTreeListExporter.WritePdfToResponse">
            <summary>
                <para>Exports data to a file in PDF format and writes it to the Response in the binary format. 

</para>
            </summary>


        </member>
        <member name="M:DevExpress.Web.ASPxTreeList.Export.ASPxTreeListExporter.WritePdfToResponse(System.Boolean,DevExpress.XtraPrinting.PdfExportOptions)">
            <summary>
                <para>Exports data to a file in PDF format with the specified export options, and writes it to the Response in the binary format. 

</para>
            </summary>
            <param name="saveAsFile">
		<b>true</b> to display the <b>File Download</b> dialog; <b>false</b> to display the PDF file with exported data within a page.

            </param>
            <param name="exportOptions">
		A <see cref="T:DevExpress.XtraPrinting.PdfExportOptions"/> object that provides export options.

            </param>


        </member>
        <member name="M:DevExpress.Web.ASPxTreeList.Export.ASPxTreeListExporter.WritePdfToResponse(System.Boolean)">
            <summary>
                <para>Exports data to a file in PDF format and writes it to the Response in the binary format.
</para>
            </summary>
            <param name="saveAsFile">
		<b>true</b> to display the <b>File Download</b> dialog; <b>false</b> to display the PDF file with exported data within a page.

            </param>


        </member>
        <member name="M:DevExpress.Web.ASPxTreeList.Export.ASPxTreeListExporter.WritePdfToResponse(System.String)">
            <summary>
                <para>Exports data to the specified file in PDF format and writes it to the Response in the binary format. 

</para>
            </summary>
            <param name="fileName">
		A <see cref="T:System.String"/> value that specifies the target file name.

            </param>


        </member>
        <member name="M:DevExpress.Web.ASPxTreeList.Export.ASPxTreeListExporter.WriteRtf(System.IO.Stream,DevExpress.XtraPrinting.RtfExportOptions)">
            <summary>
                <para>Exports data to a stream in RTF format with the specified export options. 

</para>
            </summary>
            <param name="stream">
		A <see cref="T:System.IO.Stream"/> object to which the data is exported.

            </param>
            <param name="options">
		A <see cref="T:DevExpress.XtraPrinting.PdfExportOptions"/> object that provides export options. 

            </param>


        </member>
        <member name="M:DevExpress.Web.ASPxTreeList.Export.ASPxTreeListExporter.WriteRtf(System.IO.Stream)">
            <summary>
                <para>Exports data to a stream in RTF format.
</para>
            </summary>
            <param name="stream">
		A <see cref="T:System.IO.Stream"/> object to which the data is exported.

            </param>


        </member>
        <member name="M:DevExpress.Web.ASPxTreeList.Export.ASPxTreeListExporter.WriteRtfToResponse(System.String,System.Boolean)">
            <summary>
                <para>Exports data to the specified file in RTF format and writes it to the Response in the binary format. 

</para>
            </summary>
            <param name="fileName">
		A <see cref="T:System.String"/> value that specifies the target file name.

            </param>
            <param name="saveAsFile">
		<b>true</b> to display the <b>File Download</b> dialog; <b>false</b> to display the RTF file with exported data within a page.

            </param>


        </member>
        <member name="M:DevExpress.Web.ASPxTreeList.Export.ASPxTreeListExporter.WriteRtfToResponse(System.Boolean,DevExpress.XtraPrinting.RtfExportOptions)">
            <summary>
                <para>Exports data to the specified file in RTF format with the specified export settings, and writes it to the Response in the binary format. 
</para>
            </summary>
            <param name="saveAsFile">
		<b>true</b> to display the <b>File Download</b> dialog; <b>false</b> to display the RTF file with exported data within a page.

            </param>
            <param name="exportOptions">
		A <see cref="T:DevExpress.XtraPrinting.RtfExportOptions"/> object that provides export options.

            </param>


        </member>
        <member name="M:DevExpress.Web.ASPxTreeList.Export.ASPxTreeListExporter.WriteRtfToResponse(System.String,DevExpress.XtraPrinting.RtfExportOptions)">
            <summary>
                <para>Exports data to the specified file in RTF format with the specified export settings, and writes it to the Response in the binary format.
</para>
            </summary>
            <param name="fileName">
		A <see cref="T:System.String"/> value that specifies the target file name.

            </param>
            <param name="exportOptions">
		A <see cref="T:DevExpress.XtraPrinting.RtfExportOptions"/> object that provides export options.

            </param>


        </member>
        <member name="M:DevExpress.Web.ASPxTreeList.Export.ASPxTreeListExporter.WriteRtfToResponse(System.Boolean)">
            <summary>
                <para>Exports data to a file in RTF format and writes it to the Response in the binary format.
</para>
            </summary>
            <param name="saveAsFile">
		<b>true</b> to display the <b>File Download</b> dialog; <b>false</b> to display the RTF file with exported data within a page.

            </param>


        </member>
        <member name="M:DevExpress.Web.ASPxTreeList.Export.ASPxTreeListExporter.WriteRtfToResponse(DevExpress.XtraPrinting.RtfExportOptions)">
            <summary>
                <para>Exports data to a file in RTF format with the specified export settings, and writes it to the Response in the binary format. 

</para>
            </summary>
            <param name="exportOptions">
		A <see cref="T:DevExpress.XtraPrinting.RtfExportOptions"/> object that provides export options.

            </param>


        </member>
        <member name="M:DevExpress.Web.ASPxTreeList.Export.ASPxTreeListExporter.WriteRtfToResponse">
            <summary>
                <para>Exports data to a file in RTF format and writes it to the Response in the binary format. 

</para>
            </summary>


        </member>
        <member name="M:DevExpress.Web.ASPxTreeList.Export.ASPxTreeListExporter.WriteRtfToResponse(System.String)">
            <summary>
                <para>Exports data to the specified file in RTF format and writes it to the Response in the binary format. 

</para>
            </summary>
            <param name="fileName">
		A <see cref="T:System.String"/> value that specifies the target file name.

            </param>


        </member>
        <member name="M:DevExpress.Web.ASPxTreeList.Export.ASPxTreeListExporter.WriteXls(System.IO.Stream,DevExpress.XtraPrinting.XlsExportOptions)">
            <summary>
                <para>Exports data to a stream in XLS format with the specified export settings. 

</para>
            </summary>
            <param name="stream">
		A <see cref="T:System.IO.Stream"/> object to which the data is exported.

            </param>
            <param name="options">
		A <see cref="T:DevExpress.XtraPrinting.XlsExportOptions"/> object that provides export options.

            </param>


        </member>
        <member name="M:DevExpress.Web.ASPxTreeList.Export.ASPxTreeListExporter.WriteXls(System.IO.Stream)">
            <summary>
                <para>Exports data to a stream in XLS format.
</para>
            </summary>
            <param name="stream">
		A <see cref="T:System.IO.Stream"/> object to which the data is exported.

            </param>


        </member>
        <member name="M:DevExpress.Web.ASPxTreeList.Export.ASPxTreeListExporter.WriteXlsToResponse(System.String)">
            <summary>
                <para>Exports data to the specified file in XLS format and writes it to the Response in the binary format. 

</para>
            </summary>
            <param name="fileName">
		A <see cref="T:System.String"/> value that specifies the target file name.

            </param>


        </member>
        <member name="M:DevExpress.Web.ASPxTreeList.Export.ASPxTreeListExporter.WriteXlsToResponse">
            <summary>
                <para>Exports data to a file in XLS format and writes it to the Response in the binary format. 

</para>
            </summary>


        </member>
        <member name="M:DevExpress.Web.ASPxTreeList.Export.ASPxTreeListExporter.WriteXlsToResponse(System.Boolean)">
            <summary>
                <para>Exports data to a file in XLS format and writes it to the Response in the binary format. 

</para>
            </summary>
            <param name="saveAsFile">
		<b>true</b> to display the <b>File Download</b> dialog; <b>false</b> to display the XLS file with exported data within a page.

            </param>


        </member>
        <member name="M:DevExpress.Web.ASPxTreeList.Export.ASPxTreeListExporter.WriteXlsToResponse(System.String,DevExpress.XtraPrinting.XlsExportOptions)">
            <summary>
                <para>Exports data to the specified file in XLS format, with the specified export settings, and writes it to the Response in the binary format. 

</para>
            </summary>
            <param name="fileName">
		A <see cref="T:System.String"/> value that specifies the target file name.

            </param>
            <param name="exportOptions">
		A <see cref="T:DevExpress.XtraPrinting.XlsExportOptions"/> object that provides export options.

            </param>


        </member>
        <member name="M:DevExpress.Web.ASPxTreeList.Export.ASPxTreeListExporter.WriteXlsToResponse(System.Boolean,DevExpress.XtraPrinting.XlsExportOptions)">
            <summary>
                <para>Exports data to a file in XLS format with the specified export settings, and writes it to the Response in the binary format. 

</para>
            </summary>
            <param name="saveAsFile">
		<b>true</b> to display the <b>File Download</b> dialog; <b>false</b> to display the XLS file with exported data within a page.

            </param>
            <param name="exportOptions">
		A <see cref="T:DevExpress.XtraPrinting.XlsExportOptions"/> object that provides export options.

            </param>


        </member>
        <member name="M:DevExpress.Web.ASPxTreeList.Export.ASPxTreeListExporter.WriteXlsToResponse(System.String,System.Boolean)">
            <summary>
                <para>Exports data to the specified file in XLS format and writes it to the Response in the binary format. 

</para>
            </summary>
            <param name="fileName">
		A <see cref="T:System.String"/> value that specifies the target file name.

            </param>
            <param name="saveAsFile">
		<b>true</b> to display the <b>File Download</b> dialog; <b>false</b> to display the XLS file with exported data within a page.

            </param>


        </member>
        <member name="M:DevExpress.Web.ASPxTreeList.Export.ASPxTreeListExporter.WriteXlsToResponse(DevExpress.XtraPrinting.XlsExportOptions)">
            <summary>
                <para>Exports data to a file in XLS format with the specified export settings, and writes it to the Response in the binary format. 

</para>
            </summary>
            <param name="exportOptions">
		A <see cref="T:DevExpress.XtraPrinting.XlsExportOptions"/> object that provides export options.

            </param>


        </member>
        <member name="M:DevExpress.Web.ASPxTreeList.Export.ASPxTreeListExporter.WriteXlsx(System.IO.Stream,DevExpress.XtraPrinting.XlsxExportOptions)">
            <summary>
                <para>Exports data to a stream in XLSX format with the specified export settings. 

</para>
            </summary>
            <param name="stream">
		A <see cref="T:System.IO.Stream"/> object to which the data is exported.

            </param>
            <param name="options">
		A <see cref="T:DevExpress.XtraPrinting.XlsxExportOptions"/> object that provides export options.

            </param>


        </member>
        <member name="M:DevExpress.Web.ASPxTreeList.Export.ASPxTreeListExporter.WriteXlsx(System.IO.Stream)">
            <summary>
                <para>Exports data to a stream in XLSX format.
</para>
            </summary>
            <param name="stream">
		A <see cref="T:System.IO.Stream"/> object to which the data is exported.

            </param>


        </member>
        <member name="M:DevExpress.Web.ASPxTreeList.Export.ASPxTreeListExporter.WriteXlsxToResponse(DevExpress.XtraPrinting.XlsxExportOptions)">
            <summary>
                <para>Exports data to a file in XLSX format with the specified export settings, and writes it to the Response in the binary format. 
</para>
            </summary>
            <param name="exportOptions">
		A <see cref="T:DevExpress.XtraPrinting.XlsxExportOptions"/> object that provides export options.

            </param>


        </member>
        <member name="M:DevExpress.Web.ASPxTreeList.Export.ASPxTreeListExporter.WriteXlsxToResponse(System.String,DevExpress.XtraPrinting.XlsxExportOptions)">
            <summary>
                <para>Exports data to the specified file in XLSX format, with the specified export settings, and writes it to the Response in the binary format. 
</para>
            </summary>
            <param name="fileName">
		A <see cref="T:System.String"/> value that specifies the target file name.

            </param>
            <param name="exportOptions">
		A <see cref="T:DevExpress.XtraPrinting.XlsxExportOptions"/> object that provides export options.

            </param>


        </member>
        <member name="M:DevExpress.Web.ASPxTreeList.Export.ASPxTreeListExporter.WriteXlsxToResponse(System.Boolean,DevExpress.XtraPrinting.XlsxExportOptions)">
            <summary>
                <para>Exports data to a file in XLSX format with the specified export settings, and writes it to the Response in the binary format. 
</para>
            </summary>
            <param name="saveAsFile">
		<b>true</b> to display the <b>File Download</b> dialog; <b>false</b> to display the XLSX file with exported data within a page.

            </param>
            <param name="exportOptions">
		A <see cref="T:DevExpress.XtraPrinting.XlsxExportOptions"/> object that provides export options.

            </param>


        </member>
        <member name="M:DevExpress.Web.ASPxTreeList.Export.ASPxTreeListExporter.WriteXlsxToResponse(System.String,System.Boolean)">
            <summary>
                <para>Exports data to the specified file in XLSX format and writes it to the Response in the binary format. 
</para>
            </summary>
            <param name="fileName">
		A <see cref="T:System.String"/> value that specifies the target file name.

            </param>
            <param name="saveAsFile">
		<b>true</b> to display the <b>File Download</b> dialog; <b>false</b> to display the XLSX file with exported data within a page.

            </param>


        </member>
        <member name="M:DevExpress.Web.ASPxTreeList.Export.ASPxTreeListExporter.WriteXlsxToResponse">
            <summary>
                <para>Exports data to a file in XLSX format and writes it to the Response in the binary format. 
</para>
            </summary>


        </member>
        <member name="M:DevExpress.Web.ASPxTreeList.Export.ASPxTreeListExporter.WriteXlsxToResponse(System.String)">
            <summary>
                <para>Exports data to the specified file in XLSX format and writes it to the Response in the binary format. 
</para>
            </summary>
            <param name="fileName">
		A <see cref="T:System.String"/> value that specifies the target file name.

            </param>


        </member>
        <member name="M:DevExpress.Web.ASPxTreeList.Export.ASPxTreeListExporter.WriteXlsxToResponse(System.Boolean)">
            <summary>
                <para>Exports data to a file in XLSX format and writes it to the Response in the binary format. 
</para>
            </summary>
            <param name="saveAsFile">
		<b>true</b> to display the <b>File Download</b> dialog; <b>false</b> to display the XLSX file with exported data within a page.

            </param>


        </member>
        <member name="T:DevExpress.Web.ASPxTreeList.Export.TreeListExportSystemStyles">

            <summary>
                <para>Contains the ASPxTreeList's export styles.
</para>
            </summary>

        </member>
        <member name="M:DevExpress.Web.ASPxTreeList.Export.TreeListExportSystemStyles.#ctor(DevExpress.Web.ASPxClasses.IPropertiesOwner)">
            <summary>
                <para>Initializes a new instance of the TreeListExportSystemStyles class with the specified owner.
</para>
            </summary>
            <param name="owner">
		An object that implements the <see cref="T:DevExpress.Web.ASPxClasses.IPropertiesOwner"/> interface.

            </param>


        </member>
    </members>
</doc>
